neighborhood,year,category,count
Fountain Square,2006,Mediterranean,1
Fountain Square,2006,Restaurants,1
Fountain Square,2006,Greek,1
Fountain Square,2006,Arts & Entertainment,1
Fountain Square,2006,Nightlife,1
Fountain Square,2006,Bars,1
Fountain Square,2006,Music Venues,1
Fountain Square,2006,Dive Bars,1
Fountain Square,2007,Restaurants,2
Fountain Square,2007,Fast Food,1
Fountain Square,2007,Burgers,1
Fountain Square,2007,Sporting Goods,1
Fountain Square,2007,Bikes,1
Fountain Square,2007,Coffee & Tea,1
Fountain Square,2007,Shopping,3
Fountain Square,2007,Food,1
Fountain Square,2007,American (Traditional),1
Fountain Square,2007,Diners,1
Fountain Square,2007,Arts & Crafts,1
Fountain Square,2007,Hobby Shops,1
Fountain Square,2007,Knitting Supplies,1
Fountain Square,2007,Fashion,1
Fountain Square,2007,Antiques,1
Fountain Square,2008,Used,1
Fountain Square,2008,Vintage & Consignment,1
Fountain Square,2008,Thrift Stores,1
Fountain Square,2008,Fashion,1
Fountain Square,2008,Shopping,2
Fountain Square,2008,Department Stores,1
Fountain Square,2008,Books,1
Fountain Square,2008,Mags,1
Fountain Square,2008,Music & Video,1
Fountain Square,2008,Music & DVDs,1
Fountain Square,2008,Education,1
Fountain Square,2008,Local Services,1
Fountain Square,2008,Musical Instrument Services,1
Fountain Square,2008,Guitar Stores,1
Fountain Square,2008,Specialty Schools,1
Fountain Square,2008,Musical Instruments & Teachers,1
Fountain Square,2008,Thai,1
Fountain Square,2008,Restaurants,5
Fountain Square,2008,Middle Eastern,1
Fountain Square,2008,Greek,1
Fountain Square,2008,Mediterranean,1
Fountain Square,2008,Nightlife,4
Fountain Square,2008,Bars,3
Fountain Square,2008,Lounges,1
Fountain Square,2008,Venues & Event Spaces,1
Fountain Square,2008,Event Planning & Services,1
Fountain Square,2008,Pizza,1
Fountain Square,2008,Dentists,1
Fountain Square,2008,General Dentistry,1
Fountain Square,2008,Health & Medical,1
Fountain Square,2008,American (Traditional),1
Fountain Square,2008,Food,2
Fountain Square,2008,Grocery,1
Fountain Square,2008,American (New),1
Fountain Square,2008,Wine Bars,1
Fountain Square,2008,Specialty Food,1
Fountain Square,2008,Beer,1
Fountain Square,2008,Wine & Spirits,1
Fountain Square,2008,Cinema,1
Fountain Square,2008,Festivals,1
Fountain Square,2008,Arts & Entertainment,1
Fountain Square,2009,Latin American,1
Fountain Square,2009,Restaurants,4
Fountain Square,2009,Mexican,1
Fountain Square,2009,Tex-Mex,1
Fountain Square,2009,Active Life,2
Fountain Square,2009,Party & Event Planning,1
Fountain Square,2009,Event Planning & Services,1
Fountain Square,2009,Bowling,1
Fountain Square,2009,Smokehouse,1
Fountain Square,2009,Barbeque,1
Fountain Square,2009,Food,1
Fountain Square,2009,Burgers,1
Fountain Square,2009,Local Flavor,1
Fountain Square,2009,Sandwiches,1
Fountain Square,2009,Antiques,1
Fountain Square,2009,Used,1
Fountain Square,2009,Vintage & Consignment,1
Fountain Square,2009,Art Galleries,1
Fountain Square,2009,Shopping,1
Fountain Square,2009,Fashion,1
Fountain Square,2009,Arts & Entertainment,1
Fountain Square,2009,Chinese,1
Fountain Square,2009,Asian Fusion,1
Fountain Square,2009,Vegetarian,1
Fountain Square,2009,Boxing,1
Fountain Square,2009,Health & Medical,1
Fountain Square,2009,Physical Therapy,1
Fountain Square,2009,Trainers,1
Fountain Square,2009,Fitness & Instruction,1
Fountain Square,2009,Boot Camps,1
Fountain Square,2009,Pizza,1
Fountain Square,2010,Used,1
Fountain Square,2010,Vintage & Consignment,1
Fountain Square,2010,Fashion,1
Fountain Square,2010,Shopping,2
Fountain Square,2010,Restaurants,4
Fountain Square,2010,Delis,1
Fountain Square,2010,American (New),1
Fountain Square,2010,Performing Arts,1
Fountain Square,2010,Nightlife,4
Fountain Square,2010,Arts & Entertainment,1
Fountain Square,2010,Lounges,1
Fountain Square,2010,Bars,4
Fountain Square,2010,Music Venues,1
Fountain Square,2010,Beer,3
Fountain Square,2010,Wine & Spirits,3
Fountain Square,2010,Food,3
Fountain Square,2010,American (Traditional),1
Fountain Square,2010,British,1
Fountain Square,2010,Gastropubs,1
Fountain Square,2010,Cocktail Bars,3
Fountain Square,2010,Sandwiches,2
Fountain Square,2010,Vegan,1
Fountain Square,2010,Vegetarian,1
Fountain Square,2010,Mexican,1
Fountain Square,2010,Tacos,1
Fountain Square,2010,Cafes,1
Fountain Square,2010,Pool Halls,1
Fountain Square,2010,Playgrounds,1
Fountain Square,2010,Parks,1
Fountain Square,2010,Active Life,2
Fountain Square,2010,Hobby Shops,1
Fountain Square,2010,Leisure Centers,1
Fountain Square,2010,Recreation Centers,1
Fountain Square,2010,Beauty & Spas,1
Fountain Square,2010,Barbers,1
Fountain Square,2011,Photography Stores & Services,1
Fountain Square,2011,Beauty & Spas,2
Fountain Square,2011,Hair Salons,2
Fountain Square,2011,Home & Garden,1
Fountain Square,2011,Art Galleries,1
Fountain Square,2011,Day Spas,1
Fountain Square,2011,Arts & Entertainment,1
Fountain Square,2011,Shopping,4
Fountain Square,2011,Antiques,1
Fountain Square,2011,Bars,3
Fountain Square,2011,Tiki Bars,1
Fountain Square,2011,Restaurants,5
Fountain Square,2011,Nightlife,3
Fountain Square,2011,Mexican,2
Fountain Square,2011,Ice Cream & Frozen Yogurt,1
Fountain Square,2011,Fast Food,1
Fountain Square,2011,Custom Cakes,1
Fountain Square,2011,Food,4
Fountain Square,2011,Burgers,1
Fountain Square,2011,Brewing Supplies,1
Fountain Square,2011,Breweries,2
Fountain Square,2011,Local Services,1
Fountain Square,2011,Community Service/Non-Profit,1
Fountain Square,2011,Libraries,1
Fountain Square,2011,Public Services & Government,1
Fountain Square,2011,Beer,1
Fountain Square,2011,Wine & Spirits,1
Fountain Square,2011,Seafood,1
Fountain Square,2011,Peruvian,1
Fountain Square,2011,Desserts,1
Fountain Square,2011,Fashion,1
Fountain Square,2011,Department Stores,1
Fountain Square,2011,Discount Store,1
Fountain Square,2011,Gastropubs,1
Fountain Square,2012,Books,2
Fountain Square,2012,Mags,2
Fountain Square,2012,Music & Video,2
Fountain Square,2012,Local Services,2
Fountain Square,2012,Bookstores,1
Fountain Square,2012,Used Bookstore,1
Fountain Square,2012,Community Service/Non-Profit,2
Fountain Square,2012,Education,1
Fountain Square,2012,Shopping,7
Fountain Square,2012,Adult Education,1
Fountain Square,2012,Arts & Entertainment,3
Fountain Square,2012,Cultural Center,1
Fountain Square,2012,Specialty Food,1
Fountain Square,2012,Food,2
Fountain Square,2012,Ethnic Food,1
Fountain Square,2012,Tattoo,1
Fountain Square,2012,Beauty & Spas,1
Fountain Square,2012,Piercing,1
Fountain Square,2012,Sandwiches,2
Fountain Square,2012,Fast Food,1
Fountain Square,2012,Restaurants,2
Fountain Square,2012,Churches,1
Fountain Square,2012,Religious Organizations,1
Fountain Square,2012,Home Decor,1
Fountain Square,2012,Antiques,1
Fountain Square,2012,Home & Garden,1
Fountain Square,2012,Florists,1
Fountain Square,2012,Flowers & Gifts,1
Fountain Square,2012,Jewelry,1
Fountain Square,2012,Fashion,1
Fountain Square,2012,Swimwear,1
Fountain Square,2012,Women's Clothing,1
Fountain Square,2012,Used,1
Fountain Square,2012,Vintage & Consignment,1
Fountain Square,2012,Accessories,1
Fountain Square,2012,Salad,1
Fountain Square,2012,Cajun/Creole,1
Fountain Square,2012,Comic Books,1
Fountain Square,2012,Art Galleries,1
Fountain Square,2012,Coffee & Tea,1
Fountain Square,2013,Nightlife,3
Fountain Square,2013,Tapas Bars,1
Fountain Square,2013,American (New),1
Fountain Square,2013,Bars,2
Fountain Square,2013,Cocktail Bars,1
Fountain Square,2013,Food,3
Fountain Square,2013,Sandwiches,1
Fountain Square,2013,Lounges,2
Fountain Square,2013,American (Traditional),1
Fountain Square,2013,Restaurants,1
Fountain Square,2013,Breweries,1
Fountain Square,2013,Beer,1
Fountain Square,2013,Wine & Spirits,1
Fountain Square,2013,Local Flavor,1
Fountain Square,2013,Arts & Entertainment,3
Fountain Square,2013,Festivals,1
Fountain Square,2013,Music Venues,2
Fountain Square,2013,Pubs,1
Fountain Square,2013,Ice Cream & Frozen Yogurt,1
Fountain Square,2013,Shopping,2
Fountain Square,2013,Fashion,1
Fountain Square,2013,Used,1
Fountain Square,2013,Vintage & Consignment,1
Fountain Square,2013,Books,1
Fountain Square,2013,Mags,1
Fountain Square,2013,Music & Video,1
Fountain Square,2013,Local Services,1
Fountain Square,2013,Music & DVDs,1
Fountain Square,2013,Vinyl Records,1
Fountain Square,2013,Pop-up Shops,1
Fountain Square,2013,Funeral Services & Cemeteries,1
Fountain Square,2014,Southern,1
Fountain Square,2014,Restaurants,3
Fountain Square,2014,Bars,1
Fountain Square,2014,Cocktail Bars,1
Fountain Square,2014,Gastropubs,1
Fountain Square,2014,Nightlife,1
Fountain Square,2014,Beer Bar,1
Fountain Square,2014,Sporting Goods,1
Fountain Square,2014,Bikes,1
Fountain Square,2014,Local Services,2
Fountain Square,2014,Shopping,2
Fountain Square,2014,Bike Repair/Maintenance,1
Fountain Square,2014,Pets,1
Fountain Square,2014,Pet Services,1
Fountain Square,2014,Breweries,1
Fountain Square,2014,Brewing Supplies,1
Fountain Square,2014,Food,3
Fountain Square,2014,Appliances & Repair,1
Fountain Square,2014,Coffee & Tea,1
Fountain Square,2014,Bakeries,1
Fountain Square,2014,Donuts,1
Fountain Square,2014,Breakfast & Brunch,1
Fountain Square,2014,Specialty Food,1
Fountain Square,2014,Sandwiches,1
Fountain Square,2014,Grocery,1
Fountain Square,2014,Cheese Shops,1
Fountain Square,2014,Food Delivery Services,1
Fountain Square,2015,Pet Groomers,1
Fountain Square,2015,Pet Services,1
Fountain Square,2015,Pets,1
Fountain Square,2015,Veterinarians,1
Fountain Square,2015,Bakeries,1
Fountain Square,2015,Specialty Food,1
Fountain Square,2015,Food,1
Fountain Square,2015,Shopping,3
Fountain Square,2015,Desserts,1
Fountain Square,2015,Flowers & Gifts,1
Fountain Square,2015,Asian Fusion,1
Fountain Square,2015,Nightlife,3
Fountain Square,2015,Soul Food,1
Fountain Square,2015,Bars,2
Fountain Square,2015,American (New),2
Fountain Square,2015,Restaurants,4
Fountain Square,2015,Eyewear & Opticians,1
Fountain Square,2015,Health & Medical,1
Fountain Square,2015,Optometrists,1
Fountain Square,2015,Music Venues,1
Fountain Square,2015,Italian,1
Fountain Square,2015,Cocktail Bars,1
Fountain Square,2015,Arts & Entertainment,1
Fountain Square,2015,Education,1
Fountain Square,2015,Event Planning & Services,1
Fountain Square,2015,Venues & Event Spaces,1
Fountain Square,2015,Arts & Crafts,1
Fountain Square,2015,Art Classes,1
Fountain Square,2015,Pizza,1
Fountain Square,2015,Automotive,1
Fountain Square,2015,Tires,1
Fountain Square,2015,Burgers,1
Fountain Square,2015,Beer Gardens,1
Fountain Square,2015,American (Traditional),1
Fountain Square,2016,Food,3
Fountain Square,2016,Nightlife,2
Fountain Square,2016,Coffee & Tea,2
Fountain Square,2016,Beer,1
Fountain Square,2016,Wine & Spirits,1
Fountain Square,2016,Vinyl Records,1
Fountain Square,2016,Shopping,4
Fountain Square,2016,Beer Bar,1
Fountain Square,2016,Bars,1
Fountain Square,2016,Books,1
Fountain Square,2016,Mags,1
Fountain Square,2016,Music & Video,1
Fountain Square,2016,Thrift Stores,1
Fountain Square,2016,Fashion,3
Fountain Square,2016,Local Services,1
Fountain Square,2016,Used,3
Fountain Square,2016,Vintage & Consignment,3
Fountain Square,2016,Donation Center,1
Fountain Square,2016,Home & Garden,1
Fountain Square,2016,Home Decor,1
Fountain Square,2016,Hair Salons,2
Fountain Square,2016,Beauty & Spas,2
Fountain Square,2016,Makeup Artists,1
Fountain Square,2016,Barbers,1
Fountain Square,2016,Cideries,1
Fountain Square,2016,Local Flavor,1
Fountain Square,2016,Arts & Entertainment,2
Fountain Square,2016,Festivals,1
Fountain Square,2016,Flowers & Gifts,1
Fountain Square,2016,Leather Goods,1
Fountain Square,2016,Women's Clothing,1
Fountain Square,2016,Gift Shops,1
Fountain Square,2016,Men's Clothing,1
Fountain Square,2016,Venues & Event Spaces,1
Fountain Square,2016,Music Venues,1
Fountain Square,2016,Event Planning & Services,1
Fountain Square,2016,Barre Classes,1
Fountain Square,2016,Pilates,1
Fountain Square,2016,Active Life,1
Fountain Square,2016,Fitness & Instruction,1
Fountain Square,2016,Yoga,1
Fountain Square,2016,Restaurants,1
Fountain Square,2016,Mexican,1
Fountain Square,2016,Chocolatiers & Shops,1
Fountain Square,2016,Ice Cream & Frozen Yogurt,1
Fountain Square,2016,Specialty Food,1
Fountain Square,2017,Sandwiches,2
Fountain Square,2017,Restaurants,6
Fountain Square,2017,Pizza,2
Fountain Square,2017,Salad,1
Fountain Square,2017,Vegan,1
Fountain Square,2017,American (Traditional),1
Fountain Square,2017,Food,3
Fountain Square,2017,Coffee & Tea,2
Fountain Square,2017,Pets,1
Fountain Square,2017,Cafes,1
Fountain Square,2017,Pet Adoption,1
Fountain Square,2017,Roofing,1
Fountain Square,2017,Windows Installation,1
Fountain Square,2017,Plumbing,1
Fountain Square,2017,Damage Restoration,1
Fountain Square,2017,Contractors,1
Fountain Square,2017,Home Services,1
Fountain Square,2017,Beauty & Spas,2
Fountain Square,2017,Tattoo,1
Fountain Square,2017,Piercing,1
Fountain Square,2017,Professional Services,1
Fountain Square,2017,Accountants,1
Fountain Square,2017,Fashion,2
Fountain Square,2017,Shopping,2
Fountain Square,2017,Books,1
Fountain Square,2017,Mags,1
Fountain Square,2017,Music & Video,1
Fountain Square,2017,Home & Garden,2
Fountain Square,2017,Furniture Stores,1
Fountain Square,2017,Shoe Stores,1
Fountain Square,2017,Women's Clothing,2
Fountain Square,2017,Barbeque,1
Fountain Square,2017,Smokehouse,1
Fountain Square,2017,Wineries,1
Fountain Square,2017,Wine Tasting Room,1
Fountain Square,2017,Arts & Entertainment,1
Fountain Square,2017,Wine Bars,1
Fountain Square,2017,Specialty Food,1
Fountain Square,2017,Beer,1
Fountain Square,2017,Wine & Spirits,1
Fountain Square,2017,Event Planning & Services,2
Fountain Square,2017,Venues & Event Spaces,1
Fountain Square,2017,Nightlife,1
Fountain Square,2017,Bars,1
Fountain Square,2017,Lounges,1
Fountain Square,2017,American (New),1
Fountain Square,2017,Home Decor,1
Fountain Square,2017,Flowers & Gifts,1
Fountain Square,2017,Gift Shops,1
Fountain Square,2017,Kitchen Supplies,1
Fountain Square,2017,Cards & Stationery,1
Fountain Square,2017,Kitchen & Bath,1
Fountain Square,2017,Jewelry,1
Fountain Square,2017,Arts & Crafts,1
Fountain Square,2017,Skin Care,1
Fountain Square,2017,Accessories,1
Fountain Square,2017,Personal Shopping,1
Fountain Square,2017,Cosmetics & Beauty Supply,1
Fountain Square,2018,Wholesalers,1
Fountain Square,2018,Professional Services,1
Fountain Square,2018,Italian,1
Fountain Square,2018,American (Traditional),1
Fountain Square,2018,Sandwiches,2
Fountain Square,2018,Specialty Food,1
Fountain Square,2018,Delis,1
Fountain Square,2018,Meat Shops,1
Fountain Square,2018,Butcher,1
Fountain Square,2018,Restaurants,3
Fountain Square,2018,Burgers,1
Fountain Square,2018,Food,1
Fountain Square,2018,Grocery,1
Fountain Square,2018,American (New),1
Fountain Square,2018,Active Life,1
Fountain Square,2018,Pilates,1
Fountain Square,2018,Fitness & Instruction,1
Fountain Square,2018,Florists,1
Fountain Square,2018,Wedding Planning,1
Fountain Square,2018,Shopping,1
Fountain Square,2018,Flowers & Gifts,1
Fountain Square,2018,Event Planning & Services,2
Fountain Square,2018,Floral Designers,1
Fountain Square,2018,Arcades,1
Fountain Square,2018,Arts & Entertainment,1
Fountain Square,2018,Nightlife,2
Fountain Square,2018,Venues & Event Spaces,1
Fountain Square,2018,Tiki Bars,1
Fountain Square,2018,Bars,2
Fountain Square,2018,Hair Salons,1
Fountain Square,2018,Beauty & Spas,1
Fountain Square,2018,Steakhouses,1
Fountain Square,2018,Seafood,1
Fountain Square,2018,Cocktail Bars,1
Fountain Square,2018,Pet Groomers,1
Fountain Square,2018,Pet Services,1
Fountain Square,2018,Pets,1
Fountain Square,2018,Pet Stores,1
Fountain Square,2018,Pet Training,1
Fountain Square,2018,Vietnamese,1
Fountain Square,2018,Ramen,1
Fountain Square,2018,Japanese,1
Fountain Square,2019,Arts & Entertainment,1
Fountain Square,2019,Active Life,1
Fountain Square,2019,Haunted Houses,1
Fountain Square,2019,Performing Arts,1
Fountain Square,2019,Escape Games,1
Fountain Square,2019,Pets,1
Fountain Square,2019,Pet Stores,1
Fountain Square,2019,Home Services,1
Fountain Square,2019,Property Management,1
Fountain Square,2019,Real Estate Services,1
Fountain Square,2019,Real Estate,1
Fountain Square,2019,Real Estate Agents,1
Fountain Square,2019,Nightlife,3
Fountain Square,2019,Bars,3
Fountain Square,2019,Restaurants,6
Fountain Square,2019,Italian,1
Fountain Square,2019,Cocktail Bars,1
Fountain Square,2019,Specialty Food,3
Fountain Square,2019,Tapas/Small Plates,1
Fountain Square,2019,Food,6
Fountain Square,2019,Coffee & Tea,2
Fountain Square,2019,Burgers,1
Fountain Square,2019,Butcher,1
Fountain Square,2019,Cheese Shops,1
Fountain Square,2019,Grocery,1
Fountain Square,2019,Sandwiches,1
Fountain Square,2019,Brewpubs,2
Fountain Square,2019,Breweries,2
Fountain Square,2019,Kombucha,1
Fountain Square,2019,Juice Bars & Smoothies,1
Fountain Square,2019,Cafes,1
Fountain Square,2019,Mexican,1
Fountain Square,2019,Fashion,1
Fountain Square,2019,Shopping,1
Fountain Square,2019,Used,1
Fountain Square,2019,Vintage & Consignment,1
Fountain Square,2019,Candy Stores,1
Fountain Square,2019,Ice Cream & Frozen Yogurt,1
Fountain Square,2019,American (Traditional),1
Fountain Square,2019,Beer Bar,1
Fountain Square,2019,American (New),1
Fountain Square,2019,Beer Gardens,1
Fountain Square,2020,Real Estate Services,1
Fountain Square,2020,Real Estate,1
Fountain Square,2020,Home Services,1
Fountain Square,2020,Real Estate Agents,1
Fountain Square,2020,Beauty & Spas,1
Fountain Square,2020,Hair Salons,1
Fountain Square,2020,Nail Salons,1
Fountain Square,2021,Restaurants,3
Fountain Square,2021,Bars,2
Fountain Square,2021,Nightlife,2
Fountain Square,2021,Mexican,1
Fountain Square,2021,Speakeasies,1
Fountain Square,2021,Desserts,1
Fountain Square,2021,Food,1
Fountain Square,2021,Ice Cream & Frozen Yogurt,1
Fountain Square,2021,Chinese,1
Fountain Square,2021,Nurseries & Gardening,1
Fountain Square,2021,Home & Garden,1
Fountain Square,2021,Vitamins & Supplements,1
Fountain Square,2021,Flowers & Gifts,1
Fountain Square,2021,Herbal Shops,1
Fountain Square,2021,Shopping,1
Fountain Square,2021,Health & Medical,1
Fountain Square,2021,Caribbean,1
Fairgrounds,2006,Active Life,1
Fairgrounds,2006,Skating Rinks,1
Fairgrounds,2006,Venues & Event Spaces,1
Fairgrounds,2006,Event Planning & Services,1
Fairgrounds,2008,Car Dealers,1
Fairgrounds,2008,Automotive,2
Fairgrounds,2008,Auto Repair,1
Fairgrounds,2008,Towing,1
Fairgrounds,2008,Tires,1
Fairgrounds,2008,Gas Stations,1
Fairgrounds,2008,Oil Change Stations,1
Fairgrounds,2008,Food,1
Fairgrounds,2008,Beer,1
Fairgrounds,2008,Wine & Spirits,1
Fairgrounds,2009,Coffee & Tea,1
Fairgrounds,2009,Restaurants,1
Fairgrounds,2009,Food,1
Fairgrounds,2009,Burgers,1
Fairgrounds,2009,Fast Food,1
Fairgrounds,2009,Pets,1
Fairgrounds,2009,Veterinarians,1
Fairgrounds,2009,Pet Services,1
Fairgrounds,2009,Pet Sitting,1
Fairgrounds,2011,Active Life,1
Fairgrounds,2011,Arts & Entertainment,1
Fairgrounds,2011,Amateur Sports Teams,1
Fairgrounds,2011,Skating Rinks,1
Fairgrounds,2011,Stadiums & Arenas,1
Fairgrounds,2011,Event Planning & Services,1
Fairgrounds,2011,Venues & Event Spaces,1
Fairgrounds,2011,Florists,1
Fairgrounds,2011,Home & Garden,1
Fairgrounds,2011,Antiques,1
Fairgrounds,2011,Flowers & Gifts,1
Fairgrounds,2011,Home Decor,1
Fairgrounds,2011,Furniture Stores,1
Fairgrounds,2011,Shopping,1
Fairgrounds,2011,Burgers,1
Fairgrounds,2011,Restaurants,1
Fairgrounds,2012,Tanning,1
Fairgrounds,2012,Hair Salons,1
Fairgrounds,2012,Beauty & Spas,2
Fairgrounds,2012,Pool Halls,1
Fairgrounds,2012,Nightlife,2
Fairgrounds,2012,Local Flavor,2
Fairgrounds,2012,Breakfast & Brunch,1
Fairgrounds,2012,Vegetarian,1
Fairgrounds,2012,Desserts,1
Fairgrounds,2012,Mexican,1
Fairgrounds,2012,Restaurants,2
Fairgrounds,2012,Food,3
Fairgrounds,2012,Tacos,1
Fairgrounds,2012,Tex-Mex,1
Fairgrounds,2012,Barbers,1
Fairgrounds,2012,Brewing Supplies,1
Fairgrounds,2012,Arts & Entertainment,2
Fairgrounds,2012,Beer,1
Fairgrounds,2012,Wine & Spirits,1
Fairgrounds,2012,Festivals,1
Fairgrounds,2012,Shopping,2
Fairgrounds,2012,Beer Gardens,1
Fairgrounds,2012,Drugstores,1
Fairgrounds,2012,Museums,1
Fairgrounds,2012,Street Vendors,1
Fairgrounds,2012,Food Trucks,1
Fairgrounds,2012,Italian,1
Fairgrounds,2012,Food Stands,1
Fairgrounds,2013,Home Services,3
Fairgrounds,2013,Heating & Air Conditioning/HVAC,2
Fairgrounds,2013,Plumbing,1
Fairgrounds,2013,Automotive,1
Fairgrounds,2013,Auto Repair,1
Fairgrounds,2013,Tires,1
Fairgrounds,2013,Oil Change Stations,1
Fairgrounds,2013,Food,1
Fairgrounds,2013,Food Trucks,1
Fairgrounds,2013,Glass & Mirrors,1
Fairgrounds,2013,Building Supplies,1
Fairgrounds,2013,Contractors,1
Fairgrounds,2013,Windows Installation,1
Fairgrounds,2013,Local Flavor,1
Fairgrounds,2014,Professional Sports Teams,1
Fairgrounds,2014,Arts & Entertainment,1
Fairgrounds,2014,Public Services & Government,1
Fairgrounds,2014,Landmarks & Historical Buildings,1
Fairgrounds,2014,Real Estate,1
Fairgrounds,2014,Real Estate Services,1
Fairgrounds,2014,Apartments,1
Fairgrounds,2014,Home Services,1
Fairgrounds,2014,Property Management,1
Fairgrounds,2014,Tires,1
Fairgrounds,2014,Automotive,1
Fairgrounds,2015,Home Theatre Installation,1
Fairgrounds,2015,Security Systems,1
Fairgrounds,2015,Professional Services,2
Fairgrounds,2015,Home Automation,1
Fairgrounds,2015,Home Services,4
Fairgrounds,2015,Home Network Installation,1
Fairgrounds,2015,Packing Supplies,1
Fairgrounds,2015,Shopping,2
Fairgrounds,2015,Self Storage,1
Fairgrounds,2015,Local Services,3
Fairgrounds,2015,Movers,1
Fairgrounds,2015,Convenience Stores,1
Fairgrounds,2015,Health & Medical,1
Fairgrounds,2015,Pharmacy,1
Fairgrounds,2015,Food,1
Fairgrounds,2015,Drugstores,1
Fairgrounds,2015,Automotive,1
Fairgrounds,2015,Auto Repair,1
Fairgrounds,2015,Motorcycle Repair,1
Fairgrounds,2015,Transmission Repair,1
Fairgrounds,2015,Oil Change Stations,1
Fairgrounds,2015,Towing,1
Fairgrounds,2015,Employment Agencies,1
Fairgrounds,2015,Community Service/Non-Profit,1
Fairgrounds,2015,Refinishing Services,1
Fairgrounds,2015,Furniture Repair,1
Fairgrounds,2015,Furniture Reupholstery,1
Fairgrounds,2015,Contractors,1
Fairgrounds,2015,Masonry/Concrete,1
Fairgrounds,2015,Fireplace Services,1
Fairgrounds,2015,Chimney Sweeps,1
Fairgrounds,2016,Home & Garden,1
Fairgrounds,2016,Arts & Entertainment,3
Fairgrounds,2016,Home Services,1
Fairgrounds,2016,Shopping,1
Fairgrounds,2016,Flowers & Gifts,1
Fairgrounds,2016,Festivals,2
Fairgrounds,2016,Florists,1
Fairgrounds,2016,Pubs,1
Fairgrounds,2016,Cuban,1
Fairgrounds,2016,Bars,1
Fairgrounds,2016,Restaurants,2
Fairgrounds,2016,Nightlife,1
Fairgrounds,2016,Food,3
Fairgrounds,2016,Music Venues,1
Fairgrounds,2016,Breweries,1
Fairgrounds,2016,Bakeries,1
Fairgrounds,2016,Desserts,1
Fairgrounds,2016,American (Traditional),1
Fairgrounds,2016,Chicken Wings,1
Fairgrounds,2016,Car Rental,1
Fairgrounds,2016,Hotels & Travel,1
Fairgrounds,2016,Local Flavor,1
Fairgrounds,2017,Performing Arts,1
Fairgrounds,2017,Arts & Entertainment,1
Fairgrounds,2017,Festivals,1
Fairgrounds,2017,Restaurants,1
Fairgrounds,2017,Cuban,1
Fairgrounds,2017,Beer Bar,1
Fairgrounds,2017,Nightlife,1
Fairgrounds,2017,Bars,1
Fairgrounds,2018,Coffee Roasteries,1
Fairgrounds,2018,Food,1
Fairgrounds,2018,Automotive,1
Fairgrounds,2018,Transmission Repair,1
Fairgrounds,2018,Auto Repair,1
Fairgrounds,2018,Car Dealers,1
Fairgrounds,2018,Used Car Dealers,1
Fairgrounds,2019,Appliances & Repair,1
Fairgrounds,2019,Local Services,1
Fairgrounds,2019,Home Services,1
Fairgrounds,2019,Shared Office Spaces,1
Fairgrounds,2019,Event Planning & Services,2
Fairgrounds,2019,Commercial Real Estate,1
Fairgrounds,2019,Venues & Event Spaces,1
Fairgrounds,2019,Real Estate,1
Fairgrounds,2019,Beverage Store,1
Fairgrounds,2019,Food,2
Fairgrounds,2019,Nail Salons,1
Fairgrounds,2019,Beauty & Spas,1
Fairgrounds,2019,Wedding Planning,1
Fairgrounds,2019,Party & Event Planning,1
Fairgrounds,2019,Arts & Entertainment,1
Fairgrounds,2019,Festivals,1
Fairgrounds,2019,Holiday Decorations,1
Fairgrounds,2019,Shopping,1
Fairgrounds,2019,Home & Garden,1
Fairgrounds,2019,Coffee & Tea,1
Fairgrounds,2020,Notaries,1
Fairgrounds,2020,Local Services,1
Fairgrounds,2020,Wine Bars,1
Fairgrounds,2020,Wraps,1
Fairgrounds,2020,Tapas/Small Plates,1
Fairgrounds,2020,Cocktail Bars,1
Fairgrounds,2020,Bars,1
Fairgrounds,2020,Beer Bar,1
Fairgrounds,2020,Restaurants,1
Fairgrounds,2020,Nightlife,1
Fairgrounds,2020,Fashion,1
Fairgrounds,2020,Antiques,1
Fairgrounds,2020,Shopping,1
Fairgrounds,2020,Used,1
Fairgrounds,2020,Vintage & Consignment,1
Fairgrounds,2020,Arts & Crafts,1
Near Eastside,2006,Restaurants,2
Near Eastside,2006,Mexican,1
Near Eastside,2006,Nightlife,1
Near Eastside,2006,Sports Bars,1
Near Eastside,2006,Lounges,1
Near Eastside,2006,American (Traditional),1
Near Eastside,2006,Burgers,1
Near Eastside,2006,Breakfast & Brunch,1
Near Eastside,2006,Pubs,1
Near Eastside,2006,Bars,1
Near Eastside,2006,Pet Adoption,1
Near Eastside,2006,Hospitals,1
Near Eastside,2006,Veterinarians,1
Near Eastside,2006,Pet Groomers,1
Near Eastside,2006,Pet Services,1
Near Eastside,2006,Health & Medical,1
Near Eastside,2006,Pets,1
Near Eastside,2007,Shopping,2
Near Eastside,2007,Fashion,1
Near Eastside,2007,Hobby Shops,1
Near Eastside,2007,Antiques,2
Near Eastside,2007,Used,1
Near Eastside,2007,Vintage & Consignment,1
Near Eastside,2007,Home & Garden,1
Near Eastside,2007,Furniture Stores,1
Near Eastside,2007,Thrift Stores,1
Near Eastside,2008,Arts & Entertainment,1
Near Eastside,2008,Performing Arts,1
Near Eastside,2008,Cinema,1
Near Eastside,2008,Pubs,1
Near Eastside,2008,Bars,1
Near Eastside,2008,Nightlife,1
Near Eastside,2008,Tacos,1
Near Eastside,2008,Restaurants,2
Near Eastside,2008,Donuts,1
Near Eastside,2008,Grocery,1
Near Eastside,2008,Desserts,1
Near Eastside,2008,Mexican,1
Near Eastside,2008,Food,1
Near Eastside,2008,Bakeries,1
Near Eastside,2008,Health & Medical,1
Near Eastside,2008,Doctors,1
Near Eastside,2008,Beauty & Spas,1
Near Eastside,2008,Medical Spas,1
Near Eastside,2008,Naturopathic/Holistic,1
Near Eastside,2008,Skin Care,1
Near Eastside,2008,Nutritionists,1
Near Eastside,2008,Massage,1
Near Eastside,2008,Sandwiches,1
Near Eastside,2008,Chicken Wings,1
Near Eastside,2008,Pizza,1
Near Eastside,2009,Party & Event Planning,1
Near Eastside,2009,Office Equipment,1
Near Eastside,2009,Event Planning & Services,1
Near Eastside,2009,Home & Garden,1
Near Eastside,2009,Shopping,1
Near Eastside,2009,Party Supplies,1
Near Eastside,2009,Pizza,1
Near Eastside,2009,Restaurants,1
Near Eastside,2009,Dive Bars,1
Near Eastside,2009,Bars,1
Near Eastside,2009,Nightlife,1
Near Eastside,2009,Local Flavor,1
Near Eastside,2010,Restaurants,5
Near Eastside,2010,Sandwiches,2
Near Eastside,2010,Fast Food,1
Near Eastside,2010,Cideries,1
Near Eastside,2010,Wine Bars,1
Near Eastside,2010,Shopping,2
Near Eastside,2010,Beer,2
Near Eastside,2010,Wine & Spirits,2
Near Eastside,2010,Venues & Event Spaces,1
Near Eastside,2010,Event Planning & Services,1
Near Eastside,2010,Nightlife,2
Near Eastside,2010,Bars,2
Near Eastside,2010,Breweries,1
Near Eastside,2010,Local Flavor,2
Near Eastside,2010,Food,4
Near Eastside,2010,Art Galleries,1
Near Eastside,2010,Wine Tasting Room,1
Near Eastside,2010,Wineries,1
Near Eastside,2010,Arts & Entertainment,1
Near Eastside,2010,Mexican,2
Near Eastside,2010,Grocery,1
Near Eastside,2010,Delis,1
Near Eastside,2010,Specialty Food,1
Near Eastside,2010,Health Markets,1
Near Eastside,2010,Internet Service Providers,1
Near Eastside,2010,Professional Services,1
Near Eastside,2010,Home Services,1
Near Eastside,2010,American (New),1
Near Eastside,2010,Vegetarian,1
Near Eastside,2010,Seafood,1
Near Eastside,2010,Beer Bar,1
Near Eastside,2010,Books,1
Near Eastside,2010,Mags,1
Near Eastside,2010,Music & Video,1
Near Eastside,2010,Videos & Video Game Rental,1
Near Eastside,2011,Playgrounds,1
Near Eastside,2011,Parks,3
Near Eastside,2011,Active Life,3
Near Eastside,2011,Local Services,2
Near Eastside,2011,Electronics Repair,1
Near Eastside,2011,Restaurants,7
Near Eastside,2011,Fast Food,1
Near Eastside,2011,Burgers,1
Near Eastside,2011,Pizza,2
Near Eastside,2011,Shopping,2
Near Eastside,2011,Arts & Entertainment,2
Near Eastside,2011,Art Galleries,1
Near Eastside,2011,Veterinarians,1
Near Eastside,2011,Pets,1
Near Eastside,2011,Specialty Food,1
Near Eastside,2011,Food,3
Near Eastside,2011,Meat Shops,1
Near Eastside,2011,Delis,1
Near Eastside,2011,Beer Bar,1
Near Eastside,2011,Bars,2
Near Eastside,2011,Nightlife,2
Near Eastside,2011,Beer Gardens,1
Near Eastside,2011,American (New),2
Near Eastside,2011,Breweries,1
Near Eastside,2011,Flea Markets,1
Near Eastside,2011,Antiques,1
Near Eastside,2011,Festivals,1
Near Eastside,2011,Community Service/Non-Profit,1
Near Eastside,2011,Local Flavor,1
Near Eastside,2011,Mexican,1
Near Eastside,2011,Gay Bars,1
Near Eastside,2011,Grocery,1
Near Eastside,2012,Automotive,1
Near Eastside,2012,Auto Parts & Supplies,1
Near Eastside,2012,Water Heater Installation/Repair,1
Near Eastside,2012,Home Services,1
Near Eastside,2012,Plumbing,1
Near Eastside,2012,Food,4
Near Eastside,2012,Ice Cream & Frozen Yogurt,1
Near Eastside,2012,Fast Food,1
Near Eastside,2012,Restaurants,4
Near Eastside,2012,Burgers,1
Near Eastside,2012,Community Service/Non-Profit,2
Near Eastside,2012,Fitness & Instruction,1
Near Eastside,2012,Venues & Event Spaces,1
Near Eastside,2012,Gyms,1
Near Eastside,2012,Active Life,1
Near Eastside,2012,Event Planning & Services,1
Near Eastside,2012,Local Services,2
Near Eastside,2012,Pizza,1
Near Eastside,2012,Recycling Center,1
Near Eastside,2012,Junk Removal & Hauling,1
Near Eastside,2012,Street Vendors,1
Near Eastside,2012,Local Flavor,1
Near Eastside,2012,Cafes,1
Near Eastside,2012,American (Traditional),1
Near Eastside,2012,Chinese,1
Near Eastside,2013,Restaurants,5
Near Eastside,2013,Caribbean,1
Near Eastside,2013,Food Trucks,1
Near Eastside,2013,Food,5
Near Eastside,2013,Coffee & Tea,2
Near Eastside,2013,Local Flavor,1
Near Eastside,2013,Shopping,2
Near Eastside,2013,Antiques,1
Near Eastside,2013,Vegetarian,1
Near Eastside,2013,Mexican,1
Near Eastside,2013,Vegan,1
Near Eastside,2013,Fast Food,1
Near Eastside,2013,American (Traditional),2
Near Eastside,2013,Chicken Wings,2
Near Eastside,2013,Towing,1
Near Eastside,2013,Automotive,3
Near Eastside,2013,Auto Repair,1
Near Eastside,2013,Gas Stations,1
Near Eastside,2013,Convenience Stores,1
Near Eastside,2013,Home Services,1
Near Eastside,2013,Thrift Stores,1
Near Eastside,2013,Used,1
Near Eastside,2013,Vintage & Consignment,1
Near Eastside,2013,Fashion,1
Near Eastside,2013,Department Stores,1
Near Eastside,2013,Bars,1
Near Eastside,2013,Lounges,1
Near Eastside,2013,Nightlife,1
Near Eastside,2013,Beer,1
Near Eastside,2013,Wine & Spirits,1
Near Eastside,2013,Pizza,1
Near Eastside,2013,Sandwiches,1
Near Eastside,2014,American (Traditional),1
Near Eastside,2014,Restaurants,5
Near Eastside,2014,Sandwiches,1
Near Eastside,2014,American (New),1
Near Eastside,2014,Pizza,2
Near Eastside,2014,Chicken Wings,1
Near Eastside,2014,Graphic Design,1
Near Eastside,2014,Professional Services,1
Near Eastside,2014,Beauty & Spas,2
Near Eastside,2014,Tattoo,1
Near Eastside,2014,Piercing,1
Near Eastside,2014,Food,3
Near Eastside,2014,Comfort Food,1
Near Eastside,2014,Local Flavor,1
Near Eastside,2014,Ice Cream & Frozen Yogurt,1
Near Eastside,2014,Shopping,2
Near Eastside,2014,Antiques,2
Near Eastside,2014,Furniture Stores,1
Near Eastside,2014,Home Decor,1
Near Eastside,2014,Home & Garden,1
Near Eastside,2014,Hair Removal,1
Near Eastside,2014,Eyebrow Services,1
Near Eastside,2014,Eyelash Service,1
Near Eastside,2014,Event Planning & Services,1
Near Eastside,2014,Henna Artists,1
Near Eastside,2014,Automotive,2
Near Eastside,2014,Auto Repair,1
Near Eastside,2014,Mobile Dent Repair,1
Near Eastside,2014,Auto Detailing,1
Near Eastside,2014,Body Shops,1
Near Eastside,2014,Hot Dogs,1
Near Eastside,2014,Fast Food,1
Near Eastside,2014,Burgers,1
Near Eastside,2014,Specialty Food,1
Near Eastside,2014,Auto Glass Services,1
Near Eastside,2014,Glass & Mirrors,1
Near Eastside,2014,Home Services,1
Near Eastside,2014,Mexican,1
Near Eastside,2015,Restaurants,4
Near Eastside,2015,Burgers,2
Near Eastside,2015,Fast Food,2
Near Eastside,2015,Medical Centers,1
Near Eastside,2015,Health & Medical,1
Near Eastside,2015,Oil Change Stations,1
Near Eastside,2015,Automotive,1
Near Eastside,2015,Auto Repair,1
Near Eastside,2015,Christmas Trees,1
Near Eastside,2015,Lawn Services,1
Near Eastside,2015,Holiday Decorating Services,1
Near Eastside,2015,Handyman,1
Near Eastside,2015,Holiday Decorations,1
Near Eastside,2015,Tree Services,2
Near Eastside,2015,Home & Garden,1
Near Eastside,2015,Shopping,2
Near Eastside,2015,Home Services,2
Near Eastside,2015,Landscaping,1
Near Eastside,2015,Nightlife,2
Near Eastside,2015,Bars,2
Near Eastside,2015,Active Life,1
Near Eastside,2015,Parks,1
Near Eastside,2015,Food,4
Near Eastside,2015,Coffee & Tea,2
Near Eastside,2015,Barbeque,1
Near Eastside,2015,Event Planning & Services,1
Near Eastside,2015,Caterers,1
Near Eastside,2015,Breakfast & Brunch,1
Near Eastside,2015,Grocery,2
Near Eastside,2015,Discount Store,1
Near Eastside,2015,Dog Walkers,1
Near Eastside,2015,Pet Sitting,1
Near Eastside,2015,Pet Services,1
Near Eastside,2015,Pets,1
Near Eastside,2015,Pet Training,1
Near Eastside,2015,Local Flavor,1
Near Eastside,2015,American (Traditional),1
Near Eastside,2015,Mexican,1
Near Eastside,2015,Pubs,1
Near Eastside,2015,Arts & Entertainment,1
Near Eastside,2015,Tacos,1
Near Eastside,2015,Music Venues,1
Near Eastside,2015,Food Delivery Services,1
Near Eastside,2016,Bagels,1
Near Eastside,2016,Restaurants,3
Near Eastside,2016,Food,4
Near Eastside,2016,Cafes,1
Near Eastside,2016,Breakfast & Brunch,2
Near Eastside,2016,Sandwiches,2
Near Eastside,2016,Coffee & Tea,2
Near Eastside,2016,Real Estate,2
Near Eastside,2016,Venues & Event Spaces,2
Near Eastside,2016,Home Services,6
Near Eastside,2016,Event Planning & Services,3
Near Eastside,2016,Specialty Food,1
Near Eastside,2016,Creperies,1
Near Eastside,2016,Shared Office Spaces,2
Near Eastside,2016,Wedding Planning,1
Near Eastside,2016,Keys & Locksmiths,1
Near Eastside,2016,Automotive,1
Near Eastside,2016,Towing,1
Near Eastside,2016,Roadside Assistance,1
Near Eastside,2016,Home & Garden,1
Near Eastside,2016,Nurseries & Gardening,1
Near Eastside,2016,Building Supplies,1
Near Eastside,2016,Hardware Stores,1
Near Eastside,2016,Local Services,3
Near Eastside,2016,Machine & Tool Rental,1
Near Eastside,2016,Movers,1
Near Eastside,2016,Shopping,3
Near Eastside,2016,Gardeners,1
Near Eastside,2016,Floral Designers,1
Near Eastside,2016,Flowers & Gifts,1
Near Eastside,2016,Florists,1
Near Eastside,2016,Local Flavor,1
Near Eastside,2016,Beer Bar,1
Near Eastside,2016,Nightlife,1
Near Eastside,2016,Breweries,1
Near Eastside,2016,Bars,1
Near Eastside,2016,Beer,1
Near Eastside,2016,Wine & Spirits,1
Near Eastside,2016,Drugstores,1
Near Eastside,2016,Pharmacy,1
Near Eastside,2016,Health & Medical,3
Near Eastside,2016,Convenience Stores,1
Near Eastside,2016,Periodontists,1
Near Eastside,2016,Dentists,1
Near Eastside,2016,General Dentistry,1
Near Eastside,2016,Cosmetic Dentists,1
Near Eastside,2016,Festivals,1
Near Eastside,2016,Arts & Entertainment,2
Near Eastside,2016,Fast Food,1
Near Eastside,2016,Burgers,1
Near Eastside,2016,Professional Services,1
Near Eastside,2016,Employment Agencies,1
Near Eastside,2016,Counseling & Mental Health,1
Near Eastside,2016,Community Centers,1
Near Eastside,2016,Education,1
Near Eastside,2016,Community Service/Non-Profit,1
Near Eastside,2016,Public Services & Government,1
Near Eastside,2016,Cultural Center,1
Near Eastside,2016,Vocational & Technical School,1
Near Eastside,2016,Specialty Schools,1
Near Eastside,2016,Heating & Air Conditioning/HVAC,1
Near Eastside,2016,Appliances & Repair,1
Near Eastside,2016,Handyman,1
Near Eastside,2016,Electricians,1
Near Eastside,2016,Beauty & Spas,1
Near Eastside,2016,Nail Salons,1
Near Eastside,2016,Active Life,1
Near Eastside,2016,Parks,1
Near Eastside,2016,Playgrounds,1
Near Eastside,2017,Contractors,1
Near Eastside,2017,Solar Installation,1
Near Eastside,2017,Electricians,1
Near Eastside,2017,Home Services,2
Near Eastside,2017,Party Bus Rentals,1
Near Eastside,2017,Transportation,1
Near Eastside,2017,Limos,1
Near Eastside,2017,Tours,1
Near Eastside,2017,Hotels & Travel,1
Near Eastside,2017,Event Planning & Services,3
Near Eastside,2017,Wine Tours,1
Near Eastside,2017,Beer Tours,1
Near Eastside,2017,Photographers,1
Near Eastside,2017,Session Photography,1
Near Eastside,2017,Event Photography,1
Near Eastside,2017,Automotive,1
Near Eastside,2017,Towing,1
Near Eastside,2017,Florists,1
Near Eastside,2017,Floral Designers,1
Near Eastside,2017,Shopping,2
Near Eastside,2017,Flowers & Gifts,2
Near Eastside,2017,Nurseries & Gardening,1
Near Eastside,2017,Home & Garden,1
Near Eastside,2017,Arts & Crafts,1
Near Eastside,2017,Gift Shops,1
Near Eastside,2017,Plumbing,1
Near Eastside,2017,Door Sales/Installation,1
Near Eastside,2017,Local Services,1
Near Eastside,2017,Carpenters,1
Near Eastside,2017,Flooring,1
Near Eastside,2017,Gutter Services,1
Near Eastside,2017,TV Mounting,1
Near Eastside,2017,Drywall Installation & Repair,1
Near Eastside,2017,Handyman,1
Near Eastside,2017,Arts & Entertainment,1
Near Eastside,2017,Festivals,1
Near Eastside,2017,Coffee & Tea,1
Near Eastside,2017,Food,1
Near Eastside,2017,Kombucha,1
Near Eastside,2018,Oral Surgeons,1
Near Eastside,2018,Pediatric Dentists,1
Near Eastside,2018,Dentists,1
Near Eastside,2018,Cosmetic Dentists,1
Near Eastside,2018,Health & Medical,1
Near Eastside,2018,General Dentistry,1
Near Eastside,2018,Restaurants,3
Near Eastside,2018,American (Traditional),1
Near Eastside,2018,Breakfast & Brunch,1
Near Eastside,2018,Diners,1
Near Eastside,2018,Sandwiches,1
Near Eastside,2018,Nightlife,3
Near Eastside,2018,Pubs,1
Near Eastside,2018,Breweries,1
Near Eastside,2018,Brewpubs,1
Near Eastside,2018,Bars,3
Near Eastside,2018,Food,2
Near Eastside,2018,Screen Printing/T-Shirt Printing,1
Near Eastside,2018,Arts & Crafts,1
Near Eastside,2018,Shopping,1
Near Eastside,2018,Local Flavor,1
Near Eastside,2018,Screen Printing,1
Near Eastside,2018,Local Services,2
Near Eastside,2018,Fashion,1
Near Eastside,2018,Yelp Events,1
Near Eastside,2018,Venues & Event Spaces,1
Near Eastside,2018,Event Planning & Services,1
Near Eastside,2018,Distilleries,1
Near Eastside,2018,American (New),1
Near Eastside,2018,Wine Bars,1
Near Eastside,2018,Museums,1
Near Eastside,2018,Arts & Entertainment,1
Near Eastside,2018,Chicken Wings,1
Near Eastside,2018,Hot Dogs,1
Near Eastside,2018,Burgers,1
Near Eastside,2018,Home Theatre Installation,1
Near Eastside,2018,TV Mounting,1
Near Eastside,2018,Home Services,1
Near Eastside,2018,IT Services & Computer Repair,1
Near Eastside,2019,Vegan,1
Near Eastside,2019,Vegetarian,1
Near Eastside,2019,Restaurants,4
Near Eastside,2019,Parks,1
Near Eastside,2019,Active Life,1
Near Eastside,2019,Playgrounds,1
Near Eastside,2019,Pizza,1
Near Eastside,2019,Chicken Wings,2
Near Eastside,2019,Burgers,2
Near Eastside,2019,Nightlife,1
Near Eastside,2019,Bars,1
Near Eastside,2019,Food,1
Near Eastside,2019,Breweries,1
Near Eastside,2019,Breakfast & Brunch,1
Near Eastside,2019,Waffles,1
Near Eastside,2020,Home Decor,2
Near Eastside,2020,Kitchen & Bath,1
Near Eastside,2020,Shopping,2
Near Eastside,2020,Discount Store,1
Near Eastside,2020,Home & Garden,2
Near Eastside,2020,Furniture Stores,1
Near Eastside,2020,Bowling,1
Near Eastside,2020,Active Life,1
Near Eastside,2020,Sports Bars,1
Near Eastside,2020,Team Building Activities,1
Near Eastside,2020,Event Planning & Services,1
Near Eastside,2020,Nightlife,1
Near Eastside,2020,Bars,1
Near Eastside,2020,Food,1
Near Eastside,2020,Breweries,1
Near Eastside,2021,Arts & Entertainment,2
Near Eastside,2021,Nightlife,1
Near Eastside,2021,Jazz & Blues,1
Near Eastside,2021,Restaurants,9
Near Eastside,2021,Pizza,2
Near Eastside,2021,Southern,1
Near Eastside,2021,Shopping,2
Near Eastside,2021,Education,1
Near Eastside,2021,Event Planning & Services,2
Near Eastside,2021,Food,6
Near Eastside,2021,Chocolatiers & Shops,1
Near Eastside,2021,Specialty Food,1
Near Eastside,2021,Tasting Classes,1
Near Eastside,2021,Arts & Crafts,2
Near Eastside,2021,Cooking Classes,1
Near Eastside,2021,Venues & Event Spaces,1
Near Eastside,2021,Coffee & Tea,2
Near Eastside,2021,Juice Bars & Smoothies,1
Near Eastside,2021,Mexican,1
Near Eastside,2021,Food Trucks,1
Near Eastside,2021,Tacos,1
Near Eastside,2021,Breakfast & Brunch,3
Near Eastside,2021,Diners,1
Near Eastside,2021,American (Traditional),1
Near Eastside,2021,Caterers,1
Near Eastside,2021,Bartenders,1
Near Eastside,2021,American (New),1
Near Eastside,2021,Active Life,1
Near Eastside,2021,Fitness & Instruction,1
Near Eastside,2021,Gyms,1
Near Eastside,2021,Rock Climbing,1
Near Eastside,2021,Yoga,1
Near Eastside,2021,Cafes,1
Near Eastside,2021,Bakeries,2
Near Eastside,2021,Soul Food,1
Near Eastside,2021,Desserts,1
Near Eastside,2021,Sandwiches,1
Near Eastside,2021,Home & Garden,1
Near Eastside,2021,Bookstores,1
Near Eastside,2021,Flowers & Gifts,1
Near Eastside,2021,Home Decor,1
Near Eastside,2021,Books,1
Near Eastside,2021,Mags,1
Near Eastside,2021,Music & Video,1
Near Eastside,2021,Bagels,1
Near Eastside,2021,Brasseries,1
Near Eastside,2021,Cinema,1
Near Eastside,2021,Dinner Theater,1
Near NW - Riverside,2009,Mexican,1
Near NW - Riverside,2009,Restaurants,1
Near NW - Riverside,2010,Bikes,1
Near NW - Riverside,2010,Sporting Goods,2
Near NW - Riverside,2010,Shopping,2
Near NW - Riverside,2010,Shipping Centers,1
Near NW - Riverside,2010,Local Services,1
Near NW - Riverside,2010,Active Life,1
Near NW - Riverside,2010,Sports Clubs,1
Near NW - Riverside,2010,Barbeque,1
Near NW - Riverside,2010,Restaurants,1
Near NW - Riverside,2011,Automotive,1
Near NW - Riverside,2011,Auto Loan Providers,1
Near NW - Riverside,2011,Body Shops,1
Near NW - Riverside,2011,Car Dealers,1
Near NW - Riverside,2011,Car Buyers,1
Near NW - Riverside,2011,Home Decor,1
Near NW - Riverside,2011,Home & Garden,1
Near NW - Riverside,2011,Carpet Cleaning,1
Near NW - Riverside,2011,Local Services,1
Near NW - Riverside,2011,Antiques,1
Near NW - Riverside,2011,Shopping,1
Near NW - Riverside,2011,Restaurants,1
Near NW - Riverside,2011,Barbeque,1
Near NW - Riverside,2012,Self Storage,1
Near NW - Riverside,2012,Local Services,1
Near NW - Riverside,2012,Thrift Stores,1
Near NW - Riverside,2012,Shopping,1
Near NW - Riverside,2012,Movers,1
Near NW - Riverside,2012,Packing Services,1
Near NW - Riverside,2012,Home Services,1
Near NW - Riverside,2013,Car Buyers,1
Near NW - Riverside,2013,Auto Parts & Supplies,1
Near NW - Riverside,2013,Automotive,2
Near NW - Riverside,2013,Auto Repair,1
Near NW - Riverside,2013,Oil Change Stations,1
Near NW - Riverside,2013,Transmission Repair,1
Near NW - Riverside,2014,Hotels,1
Near NW - Riverside,2014,Hotels & Travel,1
Near NW - Riverside,2014,Event Planning & Services,1
Near NW - Riverside,2014,Food,1
Near NW - Riverside,2014,Specialty Food,1
Near NW - Riverside,2014,Seafood Markets,1
Near NW - Riverside,2014,Recycling Center,1
Near NW - Riverside,2014,Junk Removal & Hauling,1
Near NW - Riverside,2014,Local Services,1
Near NW - Riverside,2014,Active Life,1
Near NW - Riverside,2014,Golf,1
Near NW - Riverside,2016,Dog Parks,1
Near NW - Riverside,2016,Recreation Centers,1
Near NW - Riverside,2016,Parks,1
Near NW - Riverside,2016,Active Life,1
Near NW - Riverside,2018,Soul Food,1
Near NW - Riverside,2018,Restaurants,1
Near NW - Riverside,2018,Towing,1
Near NW - Riverside,2018,Automotive,1
Near NW - Riverside,2018,Auto Repair,1
Near NW - Riverside,2018,Tires,1
Near NW - Riverside,2018,Roadside Assistance,1
Near NW - Riverside,2019,Juice Bars & Smoothies,1
Near NW - Riverside,2019,Cafes,1
Near NW - Riverside,2019,Restaurants,2
Near NW - Riverside,2019,Food,3
Near NW - Riverside,2019,Grocery,1
Near NW - Riverside,2019,Seafood,1
Near NW - Riverside,2019,Food Trucks,1
Near NW - Riverside,2019,Lounges,1
Near NW - Riverside,2019,Bars,1
Near NW - Riverside,2019,Breweries,1
Near NW - Riverside,2019,Beer Gardens,1
Near NW - Riverside,2019,Coffee & Tea,1
Near NW - Riverside,2019,Pubs,1
Near NW - Riverside,2019,Nightlife,1
Near NW - Riverside,2019,Event Planning & Services,1
Near NW - Riverside,2019,Venues & Event Spaces,1
Near NW - Riverside,2021,Food Trucks,1
Near NW - Riverside,2021,Gluten-Free,1
Near NW - Riverside,2021,Restaurants,2
Near NW - Riverside,2021,Vegan,1
Near NW - Riverside,2021,Food,2
Near NW - Riverside,2021,German,1
Near NW - Riverside,2021,Breweries,1
Near NW - Riverside,2021,Sandwiches,1
Near NW - Riverside,2021,Salad,1
